<?xml version="1.0" encoding="UTF-8"?><?xml-stylesheet type='text/xsl' href='_UpgradeReport_Files/UpgradeReport.xslt'?><UpgradeLog>
<Properties><Property Name="Solution" Value="testSDL">
</Property><Property Name="Solution File" Value="E:\games\Roland Golf\testSDL.sln">
</Property><Property Name="User Options File" Value="E:\games\Roland Golf\testSDL.suo">
</Property><Property Name="Date" Value="den 13 januari 2008">
</Property><Property Name="Time" Value="21:26">
</Property></Properties><Event ErrorLevel="0" Project="" Source="testSDL.sln" Description="File successfully backed up as E:\games\Roland Golf\testSDL.sln.old">
</Event><Event ErrorLevel="0" Project="" Source="testSDL.suo" Description="File successfully backed up as E:\games\Roland Golf\testSDL.suo.old">
</Event><Event ErrorLevel="0" Project="testSDL" Source="testSDL.vcproj" Description="Web deployment to the local IIS server is no longer supported. The Web Deployment build tool has been removed from your project settings.">
</Event><Event ErrorLevel="1" Project="testSDL" Source="testSDL.vcproj" Description="This application has been updated to include settings related to the User Account Control (UAC) feature of Windows Vista. By default, when run on Windows Vista with UAC enabled, this application is marked to run with the same privileges as the process that launched it. This marking also disables the application from running with virtualization. You can change UAC related settings from the Property Pages of the project.">
</Event><Event ErrorLevel="0" Project="testSDL" Source="testSDL.vcproj" Description="Project file successfully backed up as 'E:\games\Roland Golf\testSDL.vcproj.8.00.old'.">
</Event><Event ErrorLevel="0" Project="testSDL" Source="testSDL.vcproj" Description="Project upgraded successfully.">
</Event><Event ErrorLevel="3" Project="testSDL" Source="testSDL.vcproj" Description="Converted">
</Event><Event ErrorLevel="0" Project="" Source="testSDL.sln" Description="Solution converted successfully">
</Event><Event ErrorLevel="3" Project="" Source="testSDL.sln" Description="Converted">
</Event></UpgradeLog>